"ID","LASTNAME","FIRSTNAME","EMAIL","TITLE","LEVEL__C"
"0032800000byfFeAAI","Gon""zalez","Rose","rose@edge.com","SVP, Procurement","Primary"
"0032800000byfFfAAI","Forbes","Sean","sean@edge.com","CFO","Secondary"
"0032800000byfFgAAI","Rogers","Jack","jrogers@burlington.com","VP, Facilities",""
"0032800000byfFhAAI","Stumuller","Pat","pat@pyramid.net","SVP, Administration and Finance","Primary"
"0032800000byfFiAAI","Young","Andy","a_young@dickenson.com","SVP, Operations","Primary"
"0032800000byfFjAAI","Barr","Tim","barr_tim@grandhotels.com","SVP, Administration and Finance","Secondary"
"0032800000byfFkAAI","Bond","John","bond_john@grandhotels.com","VP, Facilities","Primary"
"0032800000byfFlAAI","Pavlova","Stella","spavlova@uog.com","SVP, Production","Tertiary"
"0032800000byfFmAAI","Boyle","Lauren","lboyle@uog.com","SVP, Technology","Secondary"
"0032800000byfFnAAI","Levy","Babara","b.levy@expressl&t.net","SVP, Operations","Primary"
"0032800000byfFoAAI","Davis","Josh","j.davis@expressl&t.net","Director, Warehouse Mgmt","Secondary"
"0032800000byfFpAAI","Grey","Jane","jane_gray@uoa.edu","Dean of Administration","Primary"
"0032800000byfFqAAI","Song","Arthur","asong@uog.com","CEO","Secondary"
"0032800000byfFrAAI","James","Ashley","ajames@uog.com","VP, Finance","Primary"
"0032800000byfFsAAI","Ripley","Tom","tripley@uog.com","Regional General Manager","Primary"
"0032800000byfFtAAI","D'Cruz","Liz","ldcruz@uog.com","VP, Production","Secondary"
"0032800000byfFuAAI","Frank","Edna","efrank@genepoint.com","VP, Technology","Primary"
"0032800000byfFvAAI","Green","Avi","agreen@uog.com","CFO","Primary"
"0032800000byfFwAAI","Nedaerk","Siddartha","","",""
"0032800000byfFxAAI","Llorrac","Jake","","",""
"00328000016XSwiAAG","Smith","Hoge","n.takeda67+sf@gmail.com","",""
"0032800000dusfxAAA","Trailhead","ui01","","",""
"00328000012N32xAAC","Dodge","John","jdodge@example.com","SVP of Sales",""
"00328000012N32yAAC","Smith","Sarah","ssnith@example.com","Senior Sales Rep",""
"00328000012N32zAAC","Dapper","George","gdapper@example.com","Director of Healthcare",""
"00328000012N330AAC","Dodge","Jack","jdodge2@example.com","EVP of Sales",""
"00328000012N331AAC","Jones","Jessica","jjones@example.com","Senior Sales Rep",""
"00328000012N332AAC","Davich","Dragon","dragonr@example.com","Senior Member of Medical Staff",""
"00328000012N333AAC","Curio","Steve","curious@example.com","Janitor",""
"00328000012N334AAC","Black","Laura","black@example.com","Sales Rep",""
"00328000012N335AAC","Blake","Wilhelm","wblake@example.com","CEO",""
"00328000012N336AAC","Drake","Winter","dragon2@example.com","CFO",""
"00328000012N337AAC","Sands","Sal","sandssquared@example.com","CTO",""
"00328000012N338AAC","Wilds","Julia","jwilds@example.com","CMO",""
"00328000012N339AAC","Birsch","Juniper","woodsy@example.com","Director of Engineering",""
"00328000012N33AAAS","Duncan","Valerie","vduncan@example.com","Senior Member, Technical Staff",""
"00328000012N33BAAS","Patel","Patti","ppatel@example.com","Head of Software Engineering",""
"00328000012N33CAAS","Short","Justin","jshort@example.com","Actor",""
"00328000012N33DAAS","Downes","John","bungie@example.com","Master Chief",""
"00328000012N33EAAS","Birch","Xavier","xjb@example.com","Chair of Genealogy",""
"00328000012N33FAAS","Wenceslas","Basil","hansa@example.com","Chairman",""
"00328000012N33GAAS","Black","Alice","blackalice@example.com","Botanist",""
"0032800001JOx3CAAT","Smith","John","","",""
"0032800001JOwzPAAT","Smith","Amanda","","CEO",""